-7,-6,-5,-4,-3,-2,-1,0,1,2,3,4,5,6,7,8,9,10,11,12,13,14
,,,,,,,A,G,A,T,A,A,G,G,,,,,,,
,,,,,,,A,G,A,T,A,A,C,G,,,,,,,
,,,,,,A,A,G,A,T,A,A,G,,,,,,,,
,,,,,,A,A,G,A,T,A,A,G,,,,,,,,
,,,,,,C,T,G,A,T,A,A,G,,,,,,,,
,,,,,,,A,G,A,T,A,A,G,G,,,,,,,
,,,,,,,A,G,A,T,A,A,G,A,,,,,,,
,,,,,A,T,A,G,A,T,A,A,,,,,,,,,
,,,,,,A,A,G,A,T,A,A,G,,,,,,,,
,,,,,,,A,G,A,T,A,A,C,G,,,,,,,
,,,,,,,A,G,A,T,A,A,G,C,,,,,,,
,,,,,,C,A,G,A,T,A,A,G,,,,,,,,
,,,,,,,A,G,A,T,A,A,G,G,,,,,,,
,,,,,C,G,A,G,A,T,A,A,,,,,,,,,
,,,,,,,A,G,A,T,A,A,G,A,,,,,,,
,,,,,,C,T,G,A,T,A,A,G,,,,,,,,
,,,,,,A,A,G,A,T,A,A,G,,,,,,,,
,,,,,A,T,C,G,A,T,A,A,,,,,,,,,
,,,,,,,C,G,A,T,A,A,G,A,,,,,,,
,,,,,A,C,A,G,A,T,A,A,,,,,,,,,
,,,,,,C,A,G,A,T,A,A,G,,,,,,,,
,,,,,,,,G,A,T,A,A,G,A,A,,,,,,
,,,,,,G,A,G,A,T,A,A,A,,,,,,,,
,,,,,,G,C,G,A,T,A,A,A,,,,,,,,
,,,,,,C,A,G,A,T,A,A,G,,,,,,,,
,,,,,,,A,G,A,T,A,A,G,A,,,,,,,
,,,,,,A,C,G,A,T,A,A,G,,,,,,,,
,,,,,,,A,G,A,T,A,A,G,A,,,,,,,
,,,,,A,T,A,G,A,T,A,A,,,,,,,,,
,,,,,A,T,T,G,A,T,A,A,,,,,,,,,
,,,,,,A,A,G,A,T,A,A,G,,,,,,,,
,,,,,,,G,G,A,T,A,A,G,A,,,,,,,
,,,,,,,C,G,A,T,A,A,C,A,,,,,,,
,,,,,,,A,G,A,T,A,A,G,G,,,,,,,
,,,,,,C,G,G,A,T,A,A,G,,,,,,,,
,,,,,,,G,G,A,T,A,A,G,A,,,,,,,
,,,,,,,A,G,A,T,A,A,G,A,,,,,,,
,,,,,G,G,A,G,A,T,A,A,,,,,,,,,
,,,,,,,,G,A,T,A,A,G,T,A,,,,,,
,,,,,,A,T,G,A,T,A,A,G,,,,,,,,
,,,,,A,C,T,G,A,T,A,A,,,,,,,,,
,,,,,G,G,A,G,A,T,A,A,,,,,,,,,
,,,,,,,A,G,A,T,A,A,G,A,,,,,,,
,,,,,,,A,G,A,T,A,A,G,G,,,,,,,
,,,,,,,C,G,A,T,A,A,G,A,,,,,,,
,,,,,,,,G,A,T,A,A,G,G,C,,,,,,
,,,,,,A,A,G,A,T,A,A,G,,,,,,,,
,,,,,,,A,G,A,T,A,A,G,C,,,,,,,
,,,,,,,A,G,A,T,A,A,G,C,,,,,,,
,,,,,,,A,G,A,T,A,A,G,C,,,,,,,
,,,,,C,C,T,G,A,T,A,A,,,,,,,,,
,,,,,G,G,C,G,A,T,A,A,,,,,,,,,
,,,,,,A,C,G,A,T,A,A,G,,,,,,,,
,,,,,,G,A,G,A,T,A,A,C,,,,,,,,
,,,,,,,A,G,A,T,A,A,G,G,,,,,,,
,,,,,A,G,A,G,A,T,A,A,,,,,,,,,
,,,,,,C,T,G,A,T,A,A,G,,,,,,,,
,,,,,,A,C,G,A,T,A,A,C,,,,,,,,
,,,,,A,G,C,G,A,T,A,A,,,,,,,,,
,,,,,,,,G,A,T,A,A,G,G,A,,,,,,
,,,,,T,G,A,G,A,T,A,A,,,,,,,,,
,,,,,A,T,A,G,A,T,A,A,,,,,,,,,
,,,,,,,,G,A,T,A,A,G,G,C,,,,,,
,,,,,A,T,G,G,A,T,A,A,,,,,,,,,
,,,,,,,A,G,A,T,A,A,C,G,,,,,,,
,,,,,,,C,G,A,T,A,A,G,C,,,,,,,
,,,,,,G,A,G,A,T,A,A,A,,,,,,,,
,,,,,,,A,G,A,T,A,A,G,C,,,,,,,
,,,,,,,C,G,A,T,A,A,G,C,,,,,,,
,,,,,,,G,G,A,T,A,A,C,A,,,,,,,
,,,,,A,T,C,G,A,T,A,A,,,,,,,,,
,,,,,G,G,A,G,A,T,A,A,,,,,,,,,
,,,,,,,C,G,A,T,A,A,G,G,,,,,,,
,,,,,A,C,T,G,A,T,A,A,,,,,,,,,
,,,,,T,C,A,G,A,T,A,A,,,,,,,,,
,,,,,A,C,A,G,A,T,A,A,,,,,,,,,
,,,,,,A,T,G,A,T,A,A,G,,,,,,,,
,,,,,,,A,G,A,T,A,A,A,C,,,,,,,
,,,,,,A,A,G,A,T,A,A,G,,,,,,,,
,,,,,C,G,A,G,A,T,A,A,,,,,,,,,
,,,,,G,C,T,G,A,T,A,A,,,,,,,,,
,,,,,,,A,G,A,T,A,A,A,G,,,,,,,
,,,,,,C,C,G,A,T,A,A,C,,,,,,,,
,,,,,,,A,G,A,T,A,A,G,C,,,,,,,
,,,,,,C,A,G,A,T,A,A,G,,,,,,,,
,,,,,A,T,C,G,A,T,A,A,,,,,,,,,
,,,,,,,C,G,A,T,A,A,G,G,,,,,,,
,,,,,,,T,G,A,T,A,A,G,A,,,,,,,
,,,,,,A,T,G,A,T,A,A,G,,,,,,,,
,,,,,,,,G,A,T,A,A,G,C,A,,,,,,
,,,,,,A,G,G,A,T,A,A,G,,,,,,,,
,,,,,,G,A,G,A,T,A,A,C,,,,,,,,
,,,,,,C,T,G,A,T,A,A,C,,,,,,,,
,,,,,,,,G,A,T,A,A,A,T,A,,,,,,
,,,,,,,A,G,A,T,A,A,G,C,,,,,,,
,,,,,,,,G,A,T,A,A,G,T,A,,,,,,
,,,,,,T,A,G,A,T,A,A,A,,,,,,,,
,,,,,T,C,A,G,A,T,A,A,,,,,,,,,
,,,,,,A,G,G,A,T,A,A,G,,,,,,,,
,,,,,C,A,A,G,A,T,A,A,,,,,,,,,
,,,,,,G,C,G,A,T,A,A,A,,,,,,,,
,,,,,,A,A,G,A,T,A,A,C,,,,,,,,
,,,,,A,G,A,G,A,T,A,A,,,,,,,,,
,,,,,A,A,A,G,A,T,A,A,,,,,,,,,
,,,,,,,C,G,A,T,A,A,G,A,,,,,,,
,,,,,,,,G,A,T,A,A,G,C,A,,,,,,
,,,,,T,A,A,G,A,T,A,A,,,,,,,,,
,,,,,G,T,A,G,A,T,A,A,,,,,,,,,
,,,,,T,G,C,G,A,T,A,A,,,,,,,,,
,,,,,,C,A,G,A,T,A,A,A,,,,,,,,
,,,,,,,A,G,A,T,A,A,C,A,,,,,,,
,,,,,,,,G,A,T,A,A,G,A,A,,,,,,
,,,,,,,T,G,A,T,A,A,G,A,,,,,,,
,,,,,,,A,G,A,T,A,A,G,A,,,,,,,
,,,,,G,A,A,G,A,T,A,A,,,,,,,,,
,,,,,G,C,T,G,A,T,A,A,,,,,,,,,
,,,,,G,A,A,G,A,T,A,A,,,,,,,,,
,,,,,,C,A,G,A,T,A,A,C,,,,,,,,
,,,,,A,T,A,G,A,T,A,A,,,,,,,,,
,,,,,,,,G,A,T,A,A,G,A,A,,,,,,
,,,,,,A,C,G,A,T,A,A,G,,,,,,,,
,,,,,,,,G,A,T,A,A,G,G,A,,,,,,
,,,,,,,C,G,A,T,A,A,C,A,,,,,,,
,,,,,T,A,A,G,A,T,A,A,,,,,,,,,
,,,,,,,,G,A,T,A,A,G,A,A,,,,,,
,,,,,,,A,G,A,T,A,A,G,G,,,,,,,
,,,,,T,A,T,G,A,T,A,A,,,,,,,,,
,,,,,,C,T,G,A,T,A,A,C,,,,,,,,
,,,,,,A,A,G,A,T,A,A,A,,,,,,,,
,,,,,,,G,G,A,T,A,A,G,C,,,,,,,
,,,,,,C,A,G,A,T,A,A,G,,,,,,,,
,,,,,T,C,T,G,A,T,A,A,,,,,,,,,
,,,,,C,A,A,G,A,T,A,A,,,,,,,,,
,,,,,A,A,T,G,A,T,A,A,,,,,,,,,
,,,,,,A,T,G,A,T,A,A,G,,,,,,,,
,,,,,,,,G,A,T,A,A,G,G,A,,,,,,
,,,,,G,G,A,G,A,T,A,A,,,,,,,,,
,,,,,,,A,G,A,T,A,A,A,T,,,,,,,
,,,,,,,,G,A,T,A,A,G,C,A,,,,,,
,,,,,T,C,A,G,A,T,A,A,,,,,,,,,
,,,,,,,A,G,A,T,A,A,A,G,,,,,,,
,,,,,,,A,G,A,T,A,A,T,G,,,,,,,
,,,,,T,G,A,G,A,T,A,A,,,,,,,,,
,,,,,G,T,A,G,A,T,A,A,,,,,,,,,
,,,,,,C,T,G,A,T,A,A,C,,,,,,,,
,,,,,T,T,A,G,A,T,A,A,,,,,,,,,
,,,,,,,,G,A,T,A,A,G,G,A,,,,,,
,,,,,G,A,A,G,A,T,A,A,,,,,,,,,
,,,,,,,,G,A,T,A,A,G,C,A,,,,,,
,,,,,,,A,G,A,T,A,A,T,A,,,,,,,
,,,,,,,A,G,A,T,A,A,G,A,,,,,,,
,,,,,,,,G,A,T,A,A,G,C,A,,,,,,
,,,,,,,,G,A,T,A,A,G,A,A,,,,,,
,,,,,,A,A,G,A,T,A,A,A,,,,,,,,
,,,,,,,C,G,A,T,A,A,A,A,,,,,,,
,,,,,,,A,G,A,T,A,A,G,G,,,,,,,
,,,,,,C,C,G,A,T,A,A,G,,,,,,,,
,,,,,A,C,T,G,A,T,A,A,,,,,,,,,
,,,,,,,A,G,A,T,A,A,C,G,,,,,,,
,,,,,,,C,G,A,T,A,A,G,C,,,,,,,
,,,,,,,,G,A,T,A,A,A,T,C,,,,,,
,,,,,A,G,A,G,A,T,A,A,,,,,,,,,
,,,,,A,A,C,G,A,T,A,A,,,,,,,,,
,,,,,A,C,A,G,A,T,A,A,,,,,,,,,
,,,,,,,C,G,A,T,A,A,C,A,,,,,,,
,,,,,,A,C,G,A,T,A,A,G,,,,,,,,
,,,,,,,,G,A,T,A,A,G,G,A,,,,,,
,,,,,,,G,G,A,T,A,A,C,A,,,,,,,
,,,,,T,C,A,G,A,T,A,A,,,,,,,,,
,,,,,,G,C,G,A,T,A,A,C,,,,,,,,
,,,,,,,C,G,A,T,A,A,G,A,,,,,,,
,,,,,G,G,A,G,A,T,A,A,,,,,,,,,
,,,,,,C,A,G,A,T,A,A,C,,,,,,,,
,,,,,,,A,G,A,T,A,A,G,G,,,,,,,
,,,,,,,A,G,A,T,A,A,A,A,,,,,,,
,,,,,,,A,G,A,T,A,A,G,C,,,,,,,
,,,,,,,A,G,A,T,A,A,G,A,,,,,,,
,,,,,,A,T,G,A,T,A,A,G,,,,,,,,
,,,,,,,A,G,A,T,A,A,G,C,,,,,,,
,,,,,,,,G,A,T,A,A,G,A,A,,,,,,
,,,,,,G,T,G,A,T,A,A,C,,,,,,,,
,,,,,T,C,A,G,A,T,A,A,,,,,,,,,
,,,,,C,C,A,G,A,T,A,A,,,,,,,,,
,,,,,,,T,G,A,T,A,A,C,A,,,,,,,
,,,,,,A,A,G,A,T,A,A,C,,,,,,,,
,,,,,,,G,G,A,T,A,A,T,A,,,,,,,
,,,,,G,G,G,G,A,T,A,A,,,,,,,,,
,,,,,,,,G,A,T,A,A,G,A,C,,,,,,
,,,,,,A,C,G,A,T,A,A,C,,,,,,,,
,,,,,C,A,A,G,A,T,A,A,,,,,,,,,
,,,,,,,,G,A,T,A,A,G,G,A,,,,,,
,,,,,,,,G,A,T,A,A,T,G,A,,,,,,
,,,,,,,,G,A,T,A,A,C,A,A,,,,,,
,,,,,T,G,A,G,A,T,A,A,,,,,,,,,
,,,,,,,A,G,A,T,A,A,T,G,,,,,,,
,,,,,,,,G,A,T,A,A,G,A,C,,,,,,
,,,,,,A,A,G,A,T,A,A,G,,,,,,,,
,,,,,,,C,G,A,T,A,A,G,A,,,,,,,
,,,,,G,C,T,G,A,T,A,A,,,,,,,,,
,,,,,,,A,G,A,T,A,A,C,A,,,,,,,
,,,,,,A,C,G,A,T,A,A,C,,,,,,,,
,,,,,C,G,C,G,A,T,A,A,,,,,,,,,
,,,,,,,A,G,A,T,A,A,T,C,,,,,,,
,,,,,,,A,G,A,T,A,A,C,G,,,,,,,
,,,,,A,A,A,G,A,T,A,A,,,,,,,,,
,,,,,A,T,T,G,A,T,A,A,,,,,,,,,
,,,,,T,G,A,G,A,T,A,A,,,,,,,,,
,,,,,T,A,C,G,A,T,A,A,,,,,,,,,
,,,,,,C,A,G,A,T,A,A,A,,,,,,,,
,,,,,A,T,A,G,A,T,A,A,,,,,,,,,
,,,,,G,G,C,G,A,T,A,A,,,,,,,,,
,,,,,,A,A,G,A,T,A,A,C,,,,,,,,
,,,,,T,G,C,G,A,T,A,A,,,,,,,,,
,,,,,,,,G,A,T,A,A,G,G,C,,,,,,
,,,,,,C,G,G,A,T,A,A,G,,,,,,,,
,,,,,A,C,A,G,A,T,A,A,,,,,,,,,
,,,,,,,,G,A,T,A,A,C,A,A,,,,,,
,,,,,T,G,C,G,A,T,A,A,,,,,,,,,
,,,,,T,G,A,G,A,T,A,A,,,,,,,,,
,,,,,A,G,C,G,A,T,A,A,,,,,,,,,
,,,,,T,T,A,G,A,T,A,A,,,,,,,,,
,,,,,,,,G,A,T,A,A,G,C,C,,,,,,
,,,,,,A,C,G,A,T,A,A,A,,,,,,,,
,,,,,,,G,G,A,T,A,A,G,C,,,,,,,
,,,,,,,C,G,A,T,A,A,G,A,,,,,,,
,,,,,,,,G,A,T,A,A,A,T,A,,,,,,
,,,,,C,G,C,G,A,T,A,A,,,,,,,,,
,,,,,A,T,A,G,A,T,A,A,,,,,,,,,
,,,,,,,C,G,A,T,A,A,C,C,,,,,,,
,,,,,,A,T,G,A,T,A,A,G,,,,,,,,
,,,,,,C,A,G,A,T,A,A,A,,,,,,,,
,,,,,,C,G,G,A,T,A,A,G,,,,,,,,
,,,,,,,C,G,A,T,A,A,A,A,,,,,,,
,,,,,T,T,A,G,A,T,A,A,,,,,,,,,
,,,,,,,,G,A,T,A,A,G,C,A,,,,,,
,,,,,,A,T,G,A,T,A,A,C,,,,,,,,
,,,,,,,,G,A,T,A,A,G,A,A,,,,,,
,,,,,A,G,C,G,A,T,A,A,,,,,,,,,
,,,,,,G,C,G,A,T,A,A,C,,,,,,,,
,,,,,T,A,T,G,A,T,A,A,,,,,,,,,
,,,,,,,A,G,A,T,A,A,T,G,,,,,,,
,,,,,T,C,G,G,A,T,A,A,,,,,,,,,
,,,,,T,T,G,G,A,T,A,A,,,,,,,,,
,,,,,,,A,G,A,T,A,A,C,A,,,,,,,
,,,,,,,A,G,A,T,A,A,G,A,,,,,,,
,,,,,,,,G,A,T,A,A,C,T,A,,,,,,
,,,,,,G,C,G,A,T,A,A,A,,,,,,,,
,,,,,,,,G,A,T,A,A,C,A,C,,,,,,
,,,,,A,G,A,G,A,T,A,A,,,,,,,,,
,,,,,,,A,G,A,T,A,A,A,C,,,,,,,
,,,,,G,A,T,G,A,T,A,A,,,,,,,,,
,,,,,G,C,A,G,A,T,A,A,,,,,,,,,
,,,,,A,A,A,G,A,T,A,A,,,,,,,,,
,,,,,,,A,G,A,T,A,A,C,G,,,,,,,
,,,,,,,C,G,A,T,A,A,G,C,,,,,,,
,,,,,,,A,G,A,T,A,A,A,G,,,,,,,
,,,,,A,G,A,G,A,T,A,A,,,,,,,,,
,,,,,C,G,A,G,A,T,A,A,,,,,,,,,
,,,,,A,G,C,G,A,T,A,A,,,,,,,,,
,,,,,,C,G,G,A,T,A,A,A,,,,,,,,
,,,,,,,C,G,A,T,A,A,C,C,,,,,,,
,,,,,G,A,T,G,A,T,A,A,,,,,,,,,
,,,,,G,C,A,G,A,T,A,A,,,,,,,,,
,,,,,,,,G,A,T,A,A,C,G,A,,,,,,
,,,,,A,G,G,G,A,T,A,A,,,,,,,,,
,,,,,,C,T,G,A,T,A,A,A,,,,,,,,
,,,,,,A,T,G,A,T,A,A,C,,,,,,,,
,,,,,A,A,A,G,A,T,A,A,,,,,,,,,
,,,,,,,,G,A,T,A,A,T,T,A,,,,,,
,,,,,,,G,G,A,T,A,A,G,A,,,,,,,
,,,,,,,,G,A,T,A,A,T,T,A,,,,,,
,,,,,,,A,G,A,T,A,A,A,A,,,,,,,
,,,,,,G,C,G,A,T,A,A,A,,,,,,,,
,,,,,,,A,G,A,T,A,A,T,C,,,,,,,
,,,,,A,A,T,G,A,T,A,A,,,,,,,,,
,,,,,A,A,G,G,A,T,A,A,,,,,,,,,
,,,,,C,A,A,G,A,T,A,A,,,,,,,,,
,,,,,C,G,A,G,A,T,A,A,,,,,,,,,
,,,,,C,A,T,G,A,T,A,A,,,,,,,,,
,,,,,,,C,G,A,T,A,A,C,C,,,,,,,
,,,,,,,,G,A,T,A,A,C,G,C,,,,,,
,,,,,,A,A,G,A,T,A,A,T,,,,,,,,
,,,,,,,A,G,A,T,A,A,C,G,,,,,,,
,,,,,,C,G,G,A,T,A,A,C,,,,,,,,
,,,,,T,A,G,G,A,T,A,A,,,,,,,,,
,,,,,,,A,G,A,T,A,A,T,G,,,,,,,
,,,,,,,,G,A,T,A,A,A,A,C,,,,,,
,,,,,T,C,T,G,A,T,A,A,,,,,,,,,
,,,,,,,C,G,A,T,A,A,C,G,,,,,,,
,,,,,G,A,A,G,A,T,A,A,,,,,,,,,
,,,,,,A,C,G,A,T,A,A,G,,,,,,,,
,,,,,,A,A,G,A,T,A,A,A,,,,,,,,
,,,,,,,,G,A,T,A,A,T,A,C,,,,,,
,,,,,T,A,T,G,A,T,A,A,,,,,,,,,
,,,,,T,T,A,G,A,T,A,A,,,,,,,,,
,,,,,,A,A,G,A,T,A,A,G,,,,,,,,
,,,,,G,A,C,G,A,T,A,A,,,,,,,,,
,,,,,A,A,C,G,A,T,A,A,,,,,,,,,
,,,,,G,A,C,G,A,T,A,A,,,,,,,,,
,,,,,T,G,T,G,A,T,A,A,,,,,,,,,
,,,,,,,C,G,A,T,A,A,G,G,,,,,,,
,,,,,T,G,T,G,A,T,A,A,,,,,,,,,
,,,,,G,A,G,G,A,T,A,A,,,,,,,,,
,,,,,G,G,A,G,A,T,A,A,,,,,,,,,
,,,,,G,C,A,G,A,T,A,A,,,,,,,,,
,,,,,,,C,G,A,T,A,A,C,A,,,,,,,
,,,,,,A,T,G,A,T,A,A,G,,,,,,,,
,,,,,T,C,T,G,A,T,A,A,,,,,,,,,
,,,,,,,C,G,A,T,A,A,G,C,,,,,,,
,,,,,,,G,G,A,T,A,A,G,C,,,,,,,
,,,,,T,A,A,G,A,T,A,A,,,,,,,,,
,,,,,,C,T,G,A,T,A,A,C,,,,,,,,
,,,,,,A,T,G,A,T,A,A,G,,,,,,,,
,,,,,,,,G,A,T,A,A,A,G,A,,,,,,
,,,,,G,G,A,G,A,T,A,A,,,,,,,,,
,,,,,,,,G,A,T,A,A,G,A,C,,,,,,
,,,,,,C,T,G,A,T,A,A,G,,,,,,,,
,,,,,,,,G,A,T,A,A,T,A,C,,,,,,
,,,,,C,G,A,G,A,T,A,A,,,,,,,,,
,,,,,,A,T,G,A,T,A,A,C,,,,,,,,
,,,,,A,T,C,G,A,T,A,A,,,,,,,,,
,,,,,T,A,C,G,A,T,A,A,,,,,,,,,
,,,,,,C,C,G,A,T,A,A,C,,,,,,,,
,,,,,,A,G,G,A,T,A,A,G,,,,,,,,
,,,,,,C,A,G,A,T,A,A,C,,,,,,,,
,,,,,,,C,G,A,T,A,A,C,G,,,,,,,
,,,,,,A,C,G,A,T,A,A,C,,,,,,,,
,,,,,T,C,G,G,A,T,A,A,,,,,,,,,
,,,,,C,G,T,G,A,T,A,A,,,,,,,,,
,,,,,,,C,G,A,T,A,A,C,G,,,,,,,
,,,,,G,A,A,G,A,T,A,A,,,,,,,,,
,,,,,G,T,A,G,A,T,A,A,,,,,,,,,
,,,,,T,T,A,G,A,T,A,A,,,,,,,,,
,,,,,G,T,A,G,A,T,A,A,,,,,,,,,
,,,,,,C,T,G,A,T,A,A,G,,,,,,,,
,,,,,G,G,G,G,A,T,A,A,,,,,,,,,
,,,,,T,A,A,G,A,T,A,A,,,,,,,,,
,,,,,G,C,A,G,A,T,A,A,,,,,,,,,
,,,,,,,,G,A,T,A,A,G,T,A,,,,,,
,,,,,A,A,A,G,A,T,A,A,,,,,,,,,
,,,,,,C,C,G,A,T,A,A,A,,,,,,,,
,,,,,,A,G,G,A,T,A,A,A,,,,,,,,
,,,,,A,A,A,G,A,T,A,A,,,,,,,,,
,,,,,,,A,G,A,T,A,A,A,T,,,,,,,
,,,,,C,G,A,G,A,T,A,A,,,,,,,,,
,,,,,,,,G,A,T,A,A,C,A,A,,,,,,
,,,,,,,,G,A,T,A,A,G,T,A,,,,,,
,,,,,,A,C,G,A,T,A,A,A,,,,,,,,
,,,,,G,G,C,G,A,T,A,A,,,,,,,,,
,,,,,,C,C,G,A,T,A,A,G,,,,,,,,
,,,,,A,G,T,G,A,T,A,A,,,,,,,,,
,,,,,,A,G,G,A,T,A,A,G,,,,,,,,
,,,,,,,,G,A,T,A,A,C,A,A,,,,,,
,,,,,,,C,G,A,T,A,A,A,A,,,,,,,
,,,,,,C,C,G,A,T,A,A,G,,,,,,,,
,,,,,G,A,T,G,A,T,A,A,,,,,,,,,
,,,,,,,,G,A,T,A,A,G,T,A,,,,,,
,,,,,G,C,G,G,A,T,A,A,,,,,,,,,
,,,,,,,C,G,A,T,A,A,C,A,,,,,,,
,,,,,C,C,T,G,A,T,A,A,,,,,,,,,
,,,,,,C,C,G,A,T,A,A,A,,,,,,,,
,,,,,,,C,G,A,T,A,A,C,G,,,,,,,
,,,,,A,G,A,G,A,T,A,A,,,,,,,,,
,,,,,G,C,A,G,A,T,A,A,,,,,,,,,
,,,,,,,,G,A,T,A,A,G,C,A,,,,,,
,,,,,,,,G,A,T,A,A,G,C,C,,,,,,
,,,,,T,A,C,G,A,T,A,A,,,,,,,,,
,,,,,T,G,T,G,A,T,A,A,,,,,,,,,
,,,,,,,A,G,A,T,A,A,C,A,,,,,,,
,,,,,,C,A,G,A,T,A,A,G,,,,,,,,
,,,,,A,C,T,G,A,T,A,A,,,,,,,,,
,,,,,,G,A,G,A,T,A,A,A,,,,,,,,
,,,,,,,A,G,A,T,A,A,A,A,,,,,,,
,,,,,A,A,C,G,A,T,A,A,,,,,,,,,
,,,,,G,G,T,G,A,T,A,A,,,,,,,,,
,,,,,,,A,G,A,T,A,A,T,C,,,,,,,
,,,,,,C,T,G,A,T,A,A,A,,,,,,,,
,,,,,,,C,G,A,T,A,A,G,A,,,,,,,
,,,,,A,T,A,G,A,T,A,A,,,,,,,,,
,,,,,C,A,A,G,A,T,A,A,,,,,,,,,
,,,,,,,,G,A,T,A,A,A,G,A,,,,,,
,,,,,,,,G,A,T,A,A,T,T,A,,,,,,
,,,,,,,,G,A,T,A,A,A,C,A,,,,,,
,,,,,A,T,T,G,A,T,A,A,,,,,,,,,
,,,,,T,C,A,G,A,T,A,A,,,,,,,,,
,,,,,C,T,A,G,A,T,A,A,,,,,,,,,
,,,,,C,C,T,G,A,T,A,A,,,,,,,,,
,,,,,,A,C,G,A,T,A,A,C,,,,,,,,
,,,,,A,G,C,G,A,T,A,A,,,,,,,,,
,,,,,,,C,G,A,T,A,A,T,A,,,,,,,
,,,,,G,A,A,G,A,T,A,A,,,,,,,,,
,,,,,,,T,G,A,T,A,A,A,A,,,,,,,
,,,,,,,G,G,A,T,A,A,A,A,,,,,,,
,,,,,,A,T,G,A,T,A,A,T,,,,,,,,
,,,,,,,A,G,A,T,A,A,C,A,,,,,,,
,,,,,G,C,A,G,A,T,A,A,,,,,,,,,
,,,,,,,,G,A,T,A,A,A,C,C,,,,,,
,,,,,,,,G,A,T,A,A,T,G,C,,,,,,
,,,,,C,C,A,G,A,T,A,A,,,,,,,,,
,,,,,A,T,C,G,A,T,A,A,,,,,,,,,
,,,,,C,T,T,G,A,T,A,A,,,,,,,,,
,,,,,,A,T,G,A,T,A,A,T,,,,,,,,
,,,,,,,C,G,A,T,A,A,G,A,,,,,,,
,,,,,A,G,G,G,A,T,A,A,,,,,,,,,
,,,,,,,C,G,A,T,A,A,T,G,,,,,,,
,,,,,A,T,G,G,A,T,A,A,,,,,,,,,
,,,,,A,C,T,G,A,T,A,A,,,,,,,,,
,,,,,,A,T,G,A,T,A,A,A,,,,,,,,
,,,,,,,T,G,A,T,A,A,C,A,,,,,,,
,,,,,,,,G,A,T,A,A,T,A,A,,,,,,
,,,,,,G,C,G,A,T,A,A,A,,,,,,,,
,,,,,C,A,A,G,A,T,A,A,,,,,,,,,
,,,,,A,A,T,G,A,T,A,A,,,,,,,,,
,,,,,,,,G,A,T,A,A,G,A,C,,,,,,
,,,,,G,G,C,G,A,T,A,A,,,,,,,,,
,,,,,,G,A,G,A,T,A,A,C,,,,,,,,
,,,,,,G,A,G,A,T,A,A,C,,,,,,,,
,,,,,T,G,C,G,A,T,A,A,,,,,,,,,
,,,,,,,C,G,A,T,A,A,G,C,,,,,,,
,,,,,,,A,G,A,T,A,A,C,C,,,,,,,
,,,,,,C,A,G,A,T,A,A,C,,,,,,,,
,,,,,C,A,C,G,A,T,A,A,,,,,,,,,
,,,,,,,,G,A,T,A,A,C,G,A,,,,,,
,,,,,,A,T,G,A,T,A,A,C,,,,,,,,
,,,,,C,T,T,G,A,T,A,A,,,,,,,,,
,,,,,A,T,A,G,A,T,A,A,,,,,,,,,
,,,,,,A,A,G,A,T,A,A,T,,,,,,,,
,,,,,,C,C,G,A,T,A,A,C,,,,,,,,
,,,,,T,G,T,G,A,T,A,A,,,,,,,,,
,,,,,,,C,G,A,T,A,A,A,G,,,,,,,
,,,,,T,A,A,G,A,T,A,A,,,,,,,,,
,,,,,,,,G,A,T,A,A,A,A,A,,,,,,
,,,,,,A,G,G,A,T,A,A,C,,,,,,,,
,,,,,A,T,C,G,A,T,A,A,,,,,,,,,
,,,,,,,,G,A,T,A,A,A,G,A,,,,,,
,,,,,G,G,G,G,A,T,A,A,,,,,,,,,
,,,,,,,,G,A,T,A,A,T,C,A,,,,,,
,,,,,G,A,T,G,A,T,A,A,,,,,,,,,
,,,,,,,A,G,A,T,A,A,T,A,,,,,,,
,,,,,T,T,A,G,A,T,A,A,,,,,,,,,
,,,,,,,C,G,A,T,A,A,T,A,,,,,,,
,,,,,A,T,G,G,A,T,A,A,,,,,,,,,
,,,,,A,C,A,G,A,T,A,A,,,,,,,,,
,,,,,,,C,G,A,T,A,A,T,A,,,,,,,
,,,,,,,C,G,A,T,A,A,C,A,,,,,,,
,,,,,,G,T,G,A,T,A,A,A,,,,,,,,
,,,,,,,,G,A,T,A,A,G,A,A,,,,,,
,,,,,,,,G,A,T,A,A,C,G,A,,,,,,
,,,,,A,T,T,G,A,T,A,A,,,,,,,,,
,,,,,,G,T,G,A,T,A,A,A,,,,,,,,
,,,,,A,G,G,G,A,T,A,A,,,,,,,,,
,,,,,,,,G,A,T,A,A,A,A,A,,,,,,
,,,,,,C,T,G,A,T,A,A,C,,,,,,,,
,,,,,,A,C,G,A,T,A,A,G,,,,,,,,
,,,,,,,A,G,A,T,A,A,C,A,,,,,,,
,,,,,C,G,G,G,A,T,A,A,,,,,,,,,
,,,,,,C,T,G,A,T,A,A,G,,,,,,,,
,,,,,,,,G,A,T,A,A,C,G,A,,,,,,
,,,,,,,,G,A,T,A,A,C,G,A,,,,,,
,,,,,,,,G,A,T,A,A,G,G,A,,,,,,
,,,,,G,T,G,G,A,T,A,A,,,,,,,,,
,,,,,T,G,A,G,A,T,A,A,,,,,,,,,
,,,,,A,A,T,G,A,T,A,A,,,,,,,,,
,,,,,A,A,T,G,A,T,A,A,,,,,,,,,
,,,,,,C,G,G,A,T,A,A,C,,,,,,,,
,,,,,T,C,G,G,A,T,A,A,,,,,,,,,
,,,,,,,G,G,A,T,A,A,G,A,,,,,,,
,,,,,G,G,T,G,A,T,A,A,,,,,,,,,
,,,,,,C,C,G,A,T,A,A,A,,,,,,,,
,,,,,C,C,T,G,A,T,A,A,,,,,,,,,
,,,,,,C,A,G,A,T,A,A,G,,,,,,,,
,,,,,C,G,A,G,A,T,A,A,,,,,,,,,
,,,,,,,,G,A,T,A,A,C,G,C,,,,,,
,,,,,,,,G,A,T,A,A,G,A,C,,,,,,
,,,,,,,G,G,A,T,A,A,T,A,,,,,,,
,,,,,T,C,A,G,A,T,A,A,,,,,,,,,
,,,,,C,G,C,G,A,T,A,A,,,,,,,,,
,,,,,,A,A,G,A,T,A,A,C,,,,,,,,
,,,,,A,A,G,G,A,T,A,A,,,,,,,,,
,,,,,A,G,C,G,A,T,A,A,,,,,,,,,
,,,,,,,T,G,A,T,A,A,C,A,,,,,,,
,,,,,T,T,C,G,A,T,A,A,,,,,,,,,
,,,,,T,C,G,G,A,T,A,A,,,,,,,,,
,,,,,,T,T,G,A,T,A,A,A,,,,,,,,
,,,,,A,C,G,G,A,T,A,A,,,,,,,,,
,,,,,,,A,G,A,T,A,A,C,A,,,,,,,
,,,,,G,C,C,G,A,T,A,A,,,,,,,,,
,,,,,,,,G,A,T,A,A,G,C,A,,,,,,
,,,,,,,A,G,A,T,A,A,A,G,,,,,,,
,,,,,G,C,A,G,A,T,A,A,,,,,,,,,
,,,,,,G,A,G,A,T,A,A,C,,,,,,,,
,,,,,,,A,G,A,T,A,A,T,A,,,,,,,
,,,,,T,C,T,G,A,T,A,A,,,,,,,,,
,,,,,,,A,G,A,T,A,A,T,C,,,,,,,
,,,,,,,,G,A,T,A,A,C,G,A,,,,,,
,,,,,,A,G,G,A,T,A,A,C,,,,,,,,
,,,,,,C,C,G,A,T,A,A,G,,,,,,,,
,,,,,G,T,T,G,A,T,A,A,,,,,,,,,
,,,,,T,C,T,G,A,T,A,A,,,,,,,,,
,,,,,,,C,G,A,T,A,A,A,G,,,,,,,
,,,,,T,A,A,G,A,T,A,A,,,,,,,,,
,,,,,A,C,C,G,A,T,A,A,,,,,,,,,
,,,,,,G,T,G,A,T,A,A,C,,,,,,,,
,,,,,,A,A,G,A,T,A,A,T,,,,,,,,
,,,,,,,,G,A,T,A,A,G,G,C,,,,,,
,,,,,G,G,C,G,A,T,A,A,,,,,,,,,
,,,,,T,A,G,G,A,T,A,A,,,,,,,,,
,,,,,C,T,T,G,A,T,A,A,,,,,,,,,
,,,,,,,G,G,A,T,A,A,T,A,,,,,,,
,,,,,A,T,T,G,A,T,A,A,,,,,,,,,
,,,,,,,T,G,A,T,A,A,G,A,,,,,,,
,,,,,,,C,G,A,T,A,A,A,C,,,,,,,
,,,,,,,C,G,A,T,A,A,G,C,,,,,,,
,,,,,,,,G,A,T,A,A,T,C,A,,,,,,
,,,,,A,T,A,G,A,T,A,A,,,,,,,,,
,,,,,C,C,A,G,A,T,A,A,,,,,,,,,
,,,,,G,C,T,G,A,T,A,A,,,,,,,,,
,,,,,,,A,G,A,T,A,A,C,C,,,,,,,
,,,,,,T,T,G,A,T,A,A,A,,,,,,,,
,,,,,G,T,T,G,A,T,A,A,,,,,,,,,
,,,,,,,A,G,A,T,A,A,T,A,,,,,,,
,,,,,A,A,A,G,A,T,A,A,,,,,,,,,
,,,,,G,A,T,G,A,T,A,A,,,,,,,,,
,,,,,,,,G,A,T,A,A,A,A,A,,,,,,
,,,,,,C,G,G,A,T,A,A,C,,,,,,,,
,,,,,T,G,A,G,A,T,A,A,,,,,,,,,
,,,,,,,,G,A,T,A,A,T,T,A,,,,,,
,,,,,,,A,G,A,T,A,A,A,C,,,,,,,
,,,,,C,C,A,G,A,T,A,A,,,,,,,,,
,,,,,C,G,C,G,A,T,A,A,,,,,,,,,
,,,,,T,A,T,G,A,T,A,A,,,,,,,,,
,,,,,T,A,T,G,A,T,A,A,,,,,,,,,
,,,,,A,G,T,G,A,T,A,A,,,,,,,,,
,,,,,C,A,C,G,A,T,A,A,,,,,,,,,
,,,,,,A,G,G,A,T,A,A,C,,,,,,,,
,,,,,G,T,C,G,A,T,A,A,,,,,,,,,
,,,,,C,G,C,G,A,T,A,A,,,,,,,,,
,,,,,,C,A,G,A,T,A,A,C,,,,,,,,
,,,,,T,C,T,G,A,T,A,A,,,,,,,,,
,,,,,,,C,G,A,T,A,A,A,A,,,,,,,
,,,,,A,G,C,G,A,T,A,A,,,,,,,,,
,,,,,C,A,T,G,A,T,A,A,,,,,,,,,
,,,,,,,,G,A,T,A,A,A,T,A,,,,,,
,,,,,,,,G,A,T,A,A,G,C,A,,,,,,
,,,,,,C,T,G,A,T,A,A,G,,,,,,,,
,,,,,T,G,T,G,A,T,A,A,,,,,,,,,
,,,,,,A,T,G,A,T,A,A,A,,,,,,,,
,,,,,,,G,G,A,T,A,A,A,C,,,,,,,
,,,,,,G,A,G,A,T,A,A,C,,,,,,,,
,,,,,,,A,G,A,T,A,A,C,C,,,,,,,
,,,,,,,,G,A,T,A,A,C,G,A,,,,,,
,,,,,,G,T,G,A,T,A,A,C,,,,,,,,
,,,,,,,C,G,A,T,A,A,T,G,,,,,,,
,,,,,G,C,A,G,A,T,A,A,,,,,,,,,
,,,,,,C,C,G,A,T,A,A,C,,,,,,,,
,,,,,,,,G,A,T,A,A,A,T,A,,,,,,
,,,,,,G,G,G,A,T,A,A,A,,,,,,,,
,,,,,C,G,C,G,A,T,A,A,,,,,,,,,
,,,,,G,C,C,G,A,T,A,A,,,,,,,,,
,,,,,,C,T,G,A,T,A,A,A,,,,,,,,
,,,,,,C,T,G,A,T,A,A,A,,,,,,,,
,,,,,T,T,A,G,A,T,A,A,,,,,,,,,
,,,,,,,,G,A,T,A,A,C,G,C,,,,,,
,,,,,,C,C,G,A,T,A,A,C,,,,,,,,
,,,,,,,,G,A,T,A,A,T,A,C,,,,,,
,,,,,,,A,G,A,T,A,A,T,A,,,,,,,
,,,,,,,,G,A,T,A,A,T,T,A,,,,,,
,,,,,T,A,A,G,A,T,A,A,,,,,,,,,
,,,,,,,A,G,A,T,A,A,G,C,,,,,,,
,,,,,,,,G,A,T,A,A,C,A,C,,,,,,
,,,,,,T,C,G,A,T,A,A,A,,,,,,,,
,,,,,,,C,G,A,T,A,A,C,A,,,,,,,
,,,,,,G,C,G,A,T,A,A,C,,,,,,,,
,,,,,T,T,T,G,A,T,A,A,,,,,,,,,
,,,,,,G,A,G,A,T,A,A,A,,,,,,,,
,,,,,G,A,T,G,A,T,A,A,,,,,,,,,
,,,,,T,C,A,G,A,T,A,A,,,,,,,,,
,,,,,C,G,G,G,A,T,A,A,,,,,,,,,
,,,,,,,,G,A,T,A,A,C,C,A,,,,,,
,,,,,A,T,G,G,A,T,A,A,,,,,,,,,
,,,,,A,A,T,G,A,T,A,A,,,,,,,,,
,,,,,,,,G,A,T,A,A,T,G,A,,,,,,
,,,,,C,A,T,G,A,T,A,A,,,,,,,,,
,,,,,T,C,T,G,A,T,A,A,,,,,,,,,
,,,,,C,T,A,G,A,T,A,A,,,,,,,,,
,,,,,,,,G,A,T,A,A,T,A,A,,,,,,
,,,,,A,A,A,G,A,T,A,A,,,,,,,,,
,,,,,,,,G,A,T,A,A,T,T,A,,,,,,
,,,,,C,T,G,G,A,T,A,A,,,,,,,,,
,,,,,,,,G,A,T,A,A,G,T,A,,,,,,
,,,,,C,T,A,G,A,T,A,A,,,,,,,,,
,,,,,G,C,T,G,A,T,A,A,,,,,,,,,
,,,,,,,,G,A,T,A,A,C,T,A,,,,,,
,,,,,,,,G,A,T,A,A,G,C,A,,,,,,
,,,,,,,A,G,A,T,A,A,T,C,,,,,,,
,,,,,T,T,G,G,A,T,A,A,,,,,,,,,
,,,,,,,A,G,A,T,A,A,A,G,,,,,,,
,,,,,,,,G,A,T,A,A,T,G,A,,,,,,
,,,,,T,A,C,G,A,T,A,A,,,,,,,,,
,,,,,,,,G,A,T,A,A,T,G,C,,,,,,
,,,,,,,,G,A,T,A,A,A,T,C,,,,,,
,,,,,A,G,T,G,A,T,A,A,,,,,,,,,
,,,,,,,C,G,A,T,A,A,A,C,,,,,,,
,,,,,G,T,A,G,A,T,A,A,,,,,,,,,
,,,,,,,,G,A,T,A,A,T,G,C,,,,,,
,,,,,,,,G,A,T,A,A,G,T,A,,,,,,
,,,,,,,,G,A,T,A,A,T,G,A,,,,,,
,,,,,,,G,G,A,T,A,A,C,C,,,,,,,
,,,,,A,T,T,G,A,T,A,A,,,,,,,,,
,,,,,,,C,G,A,T,A,A,C,G,,,,,,,
,,,,,G,A,C,G,A,T,A,A,,,,,,,,,
,,,,,,,A,G,A,T,A,A,T,G,,,,,,,
,,,,,C,T,T,G,A,T,A,A,,,,,,,,,
,,,,,,,A,G,A,T,A,A,C,C,,,,,,,
,,,,,,,,G,A,T,A,A,T,C,A,,,,,,
,,,,,A,G,A,G,A,T,A,A,,,,,,,,,
,,,,,T,A,A,G,A,T,A,A,,,,,,,,,
,,,,,,G,T,G,A,T,A,A,C,,,,,,,,
,,,,,,,,G,A,T,A,A,T,T,A,,,,,,
,,,,,G,C,G,G,A,T,A,A,,,,,,,,,
,,,,,,,C,G,A,T,A,A,C,A,,,,,,,
,,,,,,,,G,A,T,A,A,T,A,A,,,,,,
,,,,,,,A,G,A,T,A,A,T,G,,,,,,,
,,,,,T,A,T,G,A,T,A,A,,,,,,,,,
,,,,,,A,A,G,A,T,A,A,C,,,,,,,,
,,,,,T,C,A,G,A,T,A,A,,,,,,,,,
,,,,,,G,A,G,A,T,A,A,C,,,,,,,,
,,,,,,,G,G,A,T,A,A,C,A,,,,,,,
,,,,,,,,G,A,T,A,A,C,C,C,,,,,,
,,,,,A,G,T,G,A,T,A,A,,,,,,,,,
,,,,,T,C,T,G,A,T,A,A,,,,,,,,,
,,,,,,,A,G,A,T,A,A,G,T,,,,,,,
,,,,,A,A,G,G,A,T,A,A,,,,,,,,,
,,,,,A,G,C,G,A,T,A,A,,,,,,,,,
,,,,,,,C,G,A,T,A,A,G,A,,,,,,,
,,,,,C,C,A,G,A,T,A,A,,,,,,,,,
,,,,,G,G,G,G,A,T,A,A,,,,,,,,,
,,,,,G,T,A,G,A,T,A,A,,,,,,,,,
,,,,,C,G,T,G,A,T,A,A,,,,,,,,,
,,,,,,,,G,A,T,A,A,A,A,C,,,,,,
,,,,,A,G,T,G,A,T,A,A,,,,,,,,,
,,,,,C,C,G,G,A,T,A,A,,,,,,,,,
,,,,,,G,T,G,A,T,A,A,A,,,,,,,,
,,,,,,A,T,G,A,T,A,A,C,,,,,,,,
,,,,,A,T,T,G,A,T,A,A,,,,,,,,,
,,,,,T,T,T,G,A,T,A,A,,,,,,,,,
,,,,,,,,G,A,T,A,A,C,A,C,,,,,,
,,,,,T,C,C,G,A,T,A,A,,,,,,,,,
,,,,,T,G,A,G,A,T,A,A,,,,,,,,,
,,,,,C,G,T,G,A,T,A,A,,,,,,,,,
,,,,,G,G,T,G,A,T,A,A,,,,,,,,,
,,,,,,,A,G,A,T,A,A,A,A,,,,,,,
,,,,,,C,C,G,A,T,A,A,G,,,,,,,,
,,,,,,,C,G,A,T,A,A,C,C,,,,,,,
,,,,,,A,C,G,A,T,A,A,A,,,,,,,,
,,,,,A,A,A,G,A,T,A,A,,,,,,,,,
,,,,,,,,G,A,T,A,A,A,G,C,,,,,,
,,,,,C,T,T,G,A,T,A,A,,,,,,,,,
,,,,,,A,G,G,A,T,A,A,T,,,,,,,,
,,,,,T,A,C,G,A,T,A,A,,,,,,,,,
,,,,,,,,G,A,T,A,A,C,C,A,,,,,,
,,,,,T,C,A,G,A,T,A,A,,,,,,,,,
,,,,,G,T,T,G,A,T,A,A,,,,,,,,,
,,,,,,,,G,A,T,A,A,T,T,A,,,,,,
,,,,,A,G,C,G,A,T,A,A,,,,,,,,,
,,,,,,A,T,G,A,T,A,A,C,,,,,,,,
,,,,,C,A,T,G,A,T,A,A,,,,,,,,,
,,,,,A,A,T,G,A,T,A,A,,,,,,,,,
,,,,,,,,G,A,T,A,A,T,G,A,,,,,,
,,,,,,,C,G,A,T,A,A,G,C,,,,,,,
,,,,,,G,C,G,A,T,A,A,A,,,,,,,,
,,,,,G,G,T,G,A,T,A,A,,,,,,,,,
,,,,,,C,C,G,A,T,A,A,C,,,,,,,,
,,,,,,,T,G,A,T,A,A,A,A,,,,,,,
,,,,,C,T,T,G,A,T,A,A,,,,,,,,,
,,,,,,,C,G,A,T,A,A,C,C,,,,,,,
,,,,,,,,G,A,T,A,A,C,T,A,,,,,,
,,,,,,A,A,G,A,T,A,A,A,,,,,,,,
,,,,,C,A,C,G,A,T,A,A,,,,,,,,,
,,,,,,,,G,A,T,A,A,T,T,A,,,,,,
,,,,,,A,C,G,A,T,A,A,A,,,,,,,,
,,,,,,,A,G,A,T,A,A,T,A,,,,,,,
,,,,,C,T,A,G,A,T,A,A,,,,,,,,,
,,,,,G,A,T,G,A,T,A,A,,,,,,,,,
,,,,,T,G,C,G,A,T,A,A,,,,,,,,,
,,,,,T,G,T,G,A,T,A,A,,,,,,,,,
,,,,,,G,C,G,A,T,A,A,A,,,,,,,,
,,,,,,,G,G,A,T,A,A,T,A,,,,,,,
,,,,,C,G,T,G,A,T,A,A,,,,,,,,,
,,,,,,C,A,G,A,T,A,A,C,,,,,,,,
,,,,,G,C,A,G,A,T,A,A,,,,,,,,,
,,,,,,A,C,G,A,T,A,A,C,,,,,,,,
,,,,,C,A,C,G,A,T,A,A,,,,,,,,,
,,,,,,C,A,G,A,T,A,A,A,,,,,,,,
,,,,,,,,G,A,T,A,A,T,A,C,,,,,,
,,,,,A,A,G,G,A,T,A,A,,,,,,,,,
,,,,,T,A,A,G,A,T,A,A,,,,,,,,,
,,,,,T,G,G,G,A,T,A,A,,,,,,,,,
,,,,,,C,T,G,A,T,A,A,C,,,,,,,,
,,,,,,,,G,A,T,A,A,T,A,A,,,,,,
,,,,,G,G,C,G,A,T,A,A,,,,,,,,,
,,,,,,G,C,G,A,T,A,A,C,,,,,,,,
,,,,,,,,G,A,T,A,A,G,T,A,,,,,,
,,,,,T,A,A,G,A,T,A,A,,,,,,,,,
,,,,,C,C,G,G,A,T,A,A,,,,,,,,,
,,,,,,,A,G,A,T,A,A,G,T,,,,,,,
,,,,,,C,A,G,A,T,A,A,C,,,,,,,,
,,,,,G,C,T,G,A,T,A,A,,,,,,,,,
,,,,,,G,A,G,A,T,A,A,A,,,,,,,,
,,,,,,,A,G,A,T,A,A,C,T,,,,,,,
,,,,,C,T,A,G,A,T,A,A,,,,,,,,,
,,,,,C,C,C,G,A,T,A,A,,,,,,,,,
,,,,,T,T,T,G,A,T,A,A,,,,,,,,,
,,,,,C,G,A,G,A,T,A,A,,,,,,,,,
,,,,,C,G,T,G,A,T,A,A,,,,,,,,,
,,,,,,A,T,G,A,T,A,A,A,,,,,,,,
,,,,,,,,G,A,T,A,A,G,C,C,,,,,,
,,,,,,A,A,G,A,T,A,A,C,,,,,,,,
,,,,,,C,A,G,A,T,A,A,C,,,,,,,,
,,,,,A,T,A,G,A,T,A,A,,,,,,,,,
,,,,,A,A,C,G,A,T,A,A,,,,,,,,,
,,,,,,,,G,A,T,A,A,T,G,A,,,,,,
,,,,,,,,G,A,T,A,A,C,T,A,,,,,,
,,,,,C,C,T,G,A,T,A,A,,,,,,,,,
,,,,,,,,G,A,T,A,A,A,C,A,,,,,,
,,,,,A,G,T,G,A,T,A,A,,,,,,,,,
,,,,,,,,G,A,T,A,A,C,G,A,,,,,,
,,,,,,,,G,A,T,A,A,A,G,A,,,,,,
,,,,,G,T,A,G,A,T,A,A,,,,,,,,,
,,,,,T,A,T,G,A,T,A,A,,,,,,,,,
,,,,,,,A,G,A,T,A,A,A,A,,,,,,,
,,,,,,,,G,A,T,A,A,T,T,A,,,,,,
,,,,,T,G,G,G,A,T,A,A,,,,,,,,,
,,,,,C,A,G,G,A,T,A,A,,,,,,,,,
,,,,,,A,A,G,A,T,A,A,G,,,,,,,,
,,,,,C,C,A,G,A,T,A,A,,,,,,,,,
,,,,,,,,G,A,T,A,A,G,A,C,,,,,,
,,,,,C,G,T,G,A,T,A,A,,,,,,,,,
,,,,,,,,G,A,T,A,A,T,A,A,,,,,,
,,,,,T,A,G,G,A,T,A,A,,,,,,,,,
,,,,,,A,G,G,A,T,A,A,C,,,,,,,,
,,,,,,G,T,G,A,T,A,A,A,,,,,,,,
,,,,,,A,T,G,A,T,A,A,G,,,,,,,,
,,,,,G,A,G,G,A,T,A,A,,,,,,,,,
,,,,,,,,G,A,T,A,A,G,T,A,,,,,,
,,,,,,C,C,G,A,T,A,A,C,,,,,,,,
,,,,,,,T,G,A,T,A,A,A,A,,,,,,,
,,,,,,A,T,G,A,T,A,A,G,,,,,,,,
,,,,,,T,A,G,A,T,A,A,A,,,,,,,,
,,,,,,,C,G,A,T,A,A,A,G,,,,,,,
,,,,,,,,G,A,T,A,A,T,A,A,,,,,,
,,,,,A,C,T,G,A,T,A,A,,,,,,,,,
,,,,,,G,A,G,A,T,A,A,A,,,,,,,,
,,,,,A,A,T,G,A,T,A,A,,,,,,,,,
,,,,,A,C,C,G,A,T,A,A,,,,,,,,,
,,,,,,,A,G,A,T,A,A,G,A,,,,,,,
,,,,,,A,C,G,A,T,A,A,G,,,,,,,,
,,,,,C,C,C,G,A,T,A,A,,,,,,,,,
,,,,,,,,G,A,T,A,A,T,C,A,,,,,,
,,,,,,,C,G,A,T,A,A,T,A,,,,,,,
,,,,,,G,T,G,A,T,A,A,A,,,,,,,,
,,,,,,,,G,A,T,A,A,A,G,C,,,,,,
,,,,,,,A,G,A,T,A,A,A,G,,,,,,,
,,,,,C,C,T,G,A,T,A,A,,,,,,,,,
,,,,,G,A,C,G,A,T,A,A,,,,,,,,,
,,,,,,,A,G,A,T,A,A,C,G,,,,,,,
,,,,,G,T,T,G,A,T,A,A,,,,,,,,,
,,,,,A,T,A,G,A,T,A,A,,,,,,,,,
,,,,,G,A,T,G,A,T,A,A,,,,,,,,,
,,,,,,,A,G,A,T,A,A,T,C,,,,,,,
,,,,,,,T,G,A,T,A,A,T,A,,,,,,,
,,,,,,,,G,A,T,A,A,C,A,C,,,,,,
,,,,,,A,A,G,A,T,A,A,T,,,,,,,,
,,,,,,A,T,G,A,T,A,A,C,,,,,,,,
,,,,,G,T,A,G,A,T,A,A,,,,,,,,,
,,,,,,,A,G,A,T,A,A,T,T,,,,,,,
,,,,,C,G,C,G,A,T,A,A,,,,,,,,,
,,,,,T,C,C,G,A,T,A,A,,,,,,,,,
,,,,,,,,G,A,T,A,A,T,A,A,,,,,,
,,,,,,,,G,A,T,A,A,C,G,C,,,,,,
,,,,,,,A,G,A,T,A,A,T,A,,,,,,,
,,,,,T,A,C,G,A,T,A,A,,,,,,,,,
,,,,,,A,T,G,A,T,A,A,A,,,,,,,,
,,,,,,,,G,A,T,A,A,T,T,A,,,,,,
,,,,,C,A,T,G,A,T,A,A,,,,,,,,,
,,,,,A,G,T,G,A,T,A,A,,,,,,,,,
,,,,,,,A,G,A,T,A,A,G,T,,,,,,,
,,,,,G,C,C,G,A,T,A,A,,,,,,,,,
,,,,,A,A,T,G,A,T,A,A,,,,,,,,,
,,,,,T,T,T,G,A,T,A,A,,,,,,,,,
,,,,,T,G,T,G,A,T,A,A,,,,,,,,,
,,,,,A,G,A,G,A,T,A,A,,,,,,,,,
,,,,,,,A,G,A,T,A,A,T,A,,,,,,,
,,,,,,,,G,A,T,A,A,T,G,C,,,,,,
,,,,,C,T,C,G,A,T,A,A,,,,,,,,,
,,,,,G,C,A,G,A,T,A,A,,,,,,,,,
,,,,,G,C,T,G,A,T,A,A,,,,,,,,,
,,,,,,,,G,A,T,A,A,C,C,A,,,,,,
,,,,,C,T,C,G,A,T,A,A,,,,,,,,,
,,,,,,,,G,A,T,A,A,G,C,C,,,,,,
,,,,,A,A,T,G,A,T,A,A,,,,,,,,,
,,,,,C,T,C,G,A,T,A,A,,,,,,,,,
,,,,,C,C,T,G,A,T,A,A,,,,,,,,,
,,,,,,T,C,G,A,T,A,A,A,,,,,,,,
,,,,,C,G,G,G,A,T,A,A,,,,,,,,,
,,,,,,,,G,A,T,A,A,T,G,A,,,,,,
,,,,,,,C,G,A,T,A,A,C,A,,,,,,,
,,,,,,,A,G,A,T,A,A,C,G,,,,,,,
,,,,,,,C,G,A,T,A,A,C,C,,,,,,,
,,,,,,A,T,G,A,T,A,A,A,,,,,,,,
,,,,,C,T,C,G,A,T,A,A,,,,,,,,,
,,,,,G,G,T,G,A,T,A,A,,,,,,,,,
,,,,,,,T,G,A,T,A,A,A,A,,,,,,,
,,,,,C,T,G,G,A,T,A,A,,,,,,,,,
,,,,,,C,A,G,A,T,A,A,C,,,,,,,,
,,,,,,,,G,A,T,A,A,A,C,A,,,,,,
,,,,,C,A,G,G,A,T,A,A,,,,,,,,,
,,,,,,C,T,G,A,T,A,A,C,,,,,,,,
,,,,,,,,G,A,T,A,A,G,A,A,,,,,,
,,,,,,A,T,G,A,T,A,A,A,,,,,,,,
,,,,,,,,G,A,T,A,A,T,G,C,,,,,,
,,,,,G,C,G,G,A,T,A,A,,,,,,,,,
,,,,,,,A,G,A,T,A,A,A,A,,,,,,,
,,,,,A,C,C,G,A,T,A,A,,,,,,,,,
,,,,,,G,G,G,A,T,A,A,C,,,,,,,,
,,,,,T,G,G,G,A,T,A,A,,,,,,,,,
,,,,,,,,G,A,T,A,A,T,A,A,,,,,,
,,,,,,,,G,A,T,A,A,T,G,C,,,,,,
,,,,,,T,G,G,A,T,A,A,A,,,,,,,,
,,,,,A,C,C,G,A,T,A,A,,,,,,,,,
,,,,,G,A,G,G,A,T,A,A,,,,,,,,,
,,,,,,C,C,G,A,T,A,A,G,,,,,,,,
,,,,,,,G,G,A,T,A,A,T,A,,,,,,,
,,,,,,C,G,G,A,T,A,A,A,,,,,,,,
,,,,,,A,T,G,A,T,A,A,C,,,,,,,,
,,,,,T,G,C,G,A,T,A,A,,,,,,,,,
,,,,,T,A,T,G,A,T,A,A,,,,,,,,,
,,,,,,,,G,A,T,A,A,A,A,A,,,,,,
,,,,,,,,G,A,T,A,A,C,A,A,,,,,,
,,,,,,G,T,G,A,T,A,A,A,,,,,,,,
,,,,,C,C,C,G,A,T,A,A,,,,,,,,,
,,,,,,,,G,A,T,A,A,G,A,A,,,,,,
,,,,,C,C,C,G,A,T,A,A,,,,,,,,,
,,,,,C,T,A,G,A,T,A,A,,,,,,,,,
,,,,,,,A,G,A,T,A,A,C,C,,,,,,,
,,,,,,,,G,A,T,A,A,C,T,A,,,,,,
,,,,,,G,C,G,A,T,A,A,C,,,,,,,,
,,,,,T,G,C,G,A,T,A,A,,,,,,,,,
,,,,,,G,C,G,A,T,A,A,C,,,,,,,,
,,,,,,A,T,G,A,T,A,A,C,,,,,,,,
,,,,,T,A,C,G,A,T,A,A,,,,,,,,,
,,,,,,,,G,A,T,A,A,C,A,A,,,,,,
,,,,,,,C,G,A,T,A,A,C,A,,,,,,,
,,,,,C,G,T,G,A,T,A,A,,,,,,,,,
,,,,,T,G,C,G,A,T,A,A,,,,,,,,,
,,,,,,,,G,A,T,A,A,T,T,A,,,,,,
,,,,,,C,G,G,A,T,A,A,C,,,,,,,,
,,,,,A,T,T,G,A,T,A,A,,,,,,,,,
,,,,,G,T,G,G,A,T,A,A,,,,,,,,,
,,,,,,,,G,A,T,A,A,G,C,C,,,,,,
,,,,,A,T,A,G,A,T,A,A,,,,,,,,,
,,,,,T,T,T,G,A,T,A,A,,,,,,,,,
,,,,,,,A,G,A,T,A,A,A,T,,,,,,,
,,,,,T,C,T,G,A,T,A,A,,,,,,,,,
,,,,,G,G,C,G,A,T,A,A,,,,,,,,,
,,,,,C,G,C,G,A,T,A,A,,,,,,,,,
,,,,,A,T,T,G,A,T,A,A,,,,,,,,,
,,,,,,C,C,G,A,T,A,A,C,,,,,,,,
,,,,,G,C,G,G,A,T,A,A,,,,,,,,,
,,,,,,,,G,A,T,A,A,T,T,A,,,,,,
,,,,,,,C,G,A,T,A,A,C,C,,,,,,,
,,,,,,,,G,A,T,A,A,G,G,A,,,,,,
,,,,,,,C,G,A,T,A,A,T,C,,,,,,,
,,,,,C,G,T,G,A,T,A,A,,,,,,,,,
,,,,,A,A,C,G,A,T,A,A,,,,,,,,,
,,,,,,A,T,G,A,T,A,A,C,,,,,,,,
,,,,,,,,G,A,T,A,A,T,G,A,,,,,,
,,,,,,,C,G,A,T,A,A,G,C,,,,,,,
,,,,,,C,C,G,A,T,A,A,G,,,,,,,,
,,,,,,,A,G,A,T,A,A,T,A,,,,,,,
,,,,,,,C,G,A,T,A,A,A,C,,,,,,,
,,,,,A,C,C,G,A,T,A,A,,,,,,,,,
,,,,,,,,G,A,T,A,A,A,T,A,,,,,,
,,,,,C,A,T,G,A,T,A,A,,,,,,,,,
,,,,,A,C,T,G,A,T,A,A,,,,,,,,,
,,,,,A,A,C,G,A,T,A,A,,,,,,,,,
,,,,,,C,C,G,A,T,A,A,C,,,,,,,,
,,,,,G,T,G,G,A,T,A,A,,,,,,,,,
,,,,,G,T,A,G,A,T,A,A,,,,,,,,,
,,,,,,,,G,A,T,A,A,C,A,A,,,,,,
,,,,,G,T,C,G,A,T,A,A,,,,,,,,,
,,,,,,A,A,G,A,T,A,A,G,,,,,,,,
,,,,,,,G,G,A,T,A,A,A,A,,,,,,,
,,,,,G,C,T,G,A,T,A,A,,,,,,,,,
,,,,,,,T,G,A,T,A,A,A,A,,,,,,,
,,,,,A,A,C,G,A,T,A,A,,,,,,,,,
,,,,,T,T,C,G,A,T,A,A,,,,,,,,,
,,,,,A,C,A,G,A,T,A,A,,,,,,,,,
,,,,,G,G,T,G,A,T,A,A,,,,,,,,,
,,,,,,,,G,A,T,A,A,G,C,C,,,,,,
,,,,,,,A,G,A,T,A,A,C,T,,,,,,,
,,,,,,,,G,A,T,A,A,C,C,C,,,,,,
,,,,,,,A,G,A,T,A,A,C,A,,,,,,,
,,,,,C,G,G,G,A,T,A,A,,,,,,,,,
,,,,,,,,G,A,T,A,A,T,G,A,,,,,,
,,,,,,,,G,A,T,A,A,C,C,A,,,,,,
,,,,,T,T,T,G,A,T,A,A,,,,,,,,,
,,,,,C,C,T,G,A,T,A,A,,,,,,,,,
,,,,,,,,G,A,T,A,A,T,T,A,,,,,,
,,,,,,C,A,G,A,T,A,A,A,,,,,,,,
,,,,,,A,A,G,A,T,A,A,C,,,,,,,,
,,,,,T,G,A,G,A,T,A,A,,,,,,,,,
,,,,,,T,A,G,A,T,A,A,A,,,,,,,,
,,,,,T,G,T,G,A,T,A,A,,,,,,,,,
,,,,,,G,C,G,A,T,A,A,C,,,,,,,,
,,,,,,C,A,G,A,T,A,A,A,,,,,,,,
,,,,,,,,G,A,T,A,A,T,T,A,,,,,,
,,,,,,,C,G,A,T,A,A,T,A,,,,,,,
,,,,,T,G,T,G,A,T,A,A,,,,,,,,,
,,,,,,,G,G,A,T,A,A,T,A,,,,,,,
,,,,,C,G,A,G,A,T,A,A,,,,,,,,,
,,,,,A,C,C,G,A,T,A,A,,,,,,,,,
,,,,,T,T,C,G,A,T,A,A,,,,,,,,,
,,,,,,A,C,G,A,T,A,A,A,,,,,,,,
